{
  "timestamp": "2025-08-21T23:44:40.027Z",
  "totalTime": 30227.0209,
  "successes": 6,
  "errors": 0,
  "tasks": {
    "gpu-cluster": {
      "startTime": 1302.5515,
      "endTime": 31318.8122,
      "duration": 30016.2607
    },
    "simd-parser": {
      "startTime": 1304.6935,
      "endTime": 16311.0249,
      "duration": 15006.331400000001
    },
    "simd-indexer": {
      "startTime": 1309.0813,
      "endTime": 21311.8173,
      "duration": 20002.735999999997
    },
    "webgpu-som": {
      "startTime": 1310.2128,
      "endTime": 7591.8525,
      "duration": 6281.6397
    },
    "cluster-manager": {
      "startTime": 1311.5813,
      "endTime": 31319.5505,
      "duration": 30007.9692
    },
    "vscode-integration": {
      "startTime": 1312.6364,
      "endTime": 1314.3397,
      "duration": 1.7032999999998992
    }
  }
}