{
  "timestamp": "2025-08-19T19:29:21.260Z",
  "totalTime": 30175.448,
  "successes": 6,
  "errors": 0,
  "tasks": {
    "gpu-cluster": {
      "startTime": 398.1967,
      "endTime": 30410.8494,
      "duration": 30012.6527
    },
    "simd-parser": {
      "startTime": 400.0418,
      "endTime": 15422.6147,
      "duration": 15022.5729
    },
    "simd-indexer": {
      "startTime": 410.22,
      "endTime": 20415.0126,
      "duration": 20004.792599999997
    },
    "webgpu-som": {
      "startTime": 410.8998,
      "endTime": 11135.7529,
      "duration": 10724.8531
    },
    "cluster-manager": {
      "startTime": 432.5662,
      "endTime": 30442.0129,
      "duration": 30009.4467
    },
    "vscode-integration": {
      "startTime": 433.7775,
      "endTime": 435.9213,
      "duration": 2.143799999999999
    }
  }
}